{
  "title": "BusinessCaseOverviewSummaryOperations_ListByBusinessCase",
  "operationId": "BusinessCaseOverviewSummaryOperations_ListByBusinessCase",
  "parameters": {
    "api-version": "2023-04-01-preview",
    "subscriptionId": "ADC896AD-6A38-454E-9A62-AFC618F5F4BC",
    "resourceGroupName": "rgopenapi",
    "projectName": "multipleto8617project",
    "businessCaseName": "sample-business-case"
  },
  "responses": {
    "200": {
      "body": {
        "value": [
          {
            "properties": {
              "totalAzureCost": 20,
              "totalAzureIaasCost": 29,
              "totalAzurePaasCost": 18,
              "totalAzureAvsCost": 21,
              "windowsAhubSavings": 26,
              "linuxAhubSavings": 26,
              "sqlAhubSavings": 29,
              "totalOnPremisesCost": 20,
              "esuSavingsFor4years": 20,
              "managementCostSavings": 19,
              "securityCostSavings": 8,
              "yearOnYearEstimates": {
                "onPremisesCost": {
                  "Year0": 351803.869241272,
                  "Year1": 369394.062703335,
                  "Year2": 387863.765838502,
                  "Year3": 408410.454130427
                },
                "azureCost": {
                  "Year0": 351803.869241272,
                  "Year1": 374738.191162668,
                  "Year2": 391989.235419251,
                  "Year3": 396114.705
                },
                "savings": {
                  "Year0": 0,
                  "Year1": -5344.12845933292,
                  "Year2": -4125.46958074899,
                  "Year3": 12295.7491304271
                },
                "onPremisesCapexCost": {
                  "Year0": 1049.81370090828,
                  "Year1": 1102.30438595369,
                  "Year2": 1157.41960525138,
                  "Year3": 1215.29058551395
                },
                "onPremisesOpexCost": {
                  "Year0": 350754.055540363,
                  "Year1": 368291.758317382,
                  "Year2": 386706.346233251,
                  "Year3": 407195.163544913
                },
                "azureCapexCost": {
                  "Year0": 1049.81370090828,
                  "Year1": 881.843508762955,
                  "Year2": 578.709802625689,
                  "Year3": 0
                },
                "azureOpexCost": {
                  "Year0": 350754.055540363,
                  "Year1": 373856.347653905,
                  "Year2": 391410.525616625,
                  "Year3": 396114.705
                },
                "paybackPeriod": 0
              },
              "serversDiscovered": {
                "vmWare": 6,
                "hyperV": 28,
                "physical": 16,
                "notApplicable": 13
              },
              "utilizationData": {
                "numberOfActiveEntities": 10,
                "numberOfInactiveEntities": 18,
                "numberOfDecommisionEntities": 10,
                "numberOfUnknownEntities": 13
              },
              "iaasOsDistribution": {
                "windows": 5,
                "linux": 22,
                "other": 14
              },
              "osSupportStatusDistribution": {
                "unknownSupport": 2,
                "mainStream": 20,
                "extended": 26,
                "outOfSupport": 29
              },
              "sqlSupportStatusDistribution": {
                "unknownSupport": 2,
                "mainStream": 20,
                "extended": 26,
                "outOfSupport": 29
              },
              "paasDistribution": {
                "sqlServers": 28,
                "iisWebServers": 9,
                "webAppDistribution": {
                  "key683": 28
                }
              }
            },
            "id": "/subscriptions/ADC896AD-6A38-454E-9A62-AFC618F5F4BC/resourceGroups/rgopenapi/providers/Microsoft.Migrate/assessmentProjects/multipleto8617project/businessCases/sample-business-case/overviewSummaries/default",
            "name": "default",
            "type": "Microsoft.Migrate/assessmentProjects/businessCases/overviewSummaries",
            "systemData": {
              "createdBy": "t72jdt@company.com",
              "createdByType": "User",
              "createdAt": "2023-11-08T07:09:55.036Z",
              "lastModifiedBy": "t72jdt@company.com",
              "lastModifiedByType": "User",
              "lastModifiedAt": "2023-11-08T07:09:55.036Z"
            }
          }
        ],
        "nextLink": "https://management.azure.com/a"
      }
    }
  }
}
