{
  "title": "BusinessCaseOverviewSummaryOperations_ListByBusinessCase",
  "operationId": "BusinessCaseOverviewSummaryOperations_ListByBusinessCase",
  "parameters": {
    "api-version": "2023-04-01-preview",
    "subscriptionId": "813BD4B1-881B-4480-ADDC-1C7BF7D6553A",
    "resourceGroupName": "rgopenapi",
    "projectName": "multipleto8617project",
    "businessCaseName": "sample-business-case"
  },
  "responses": {
    "200": {
      "body": {
        "value": [
          {
            "properties": {
              "totalAzureCost": 7,
              "totalAzureIaasCost": 4,
              "totalAzurePaasCost": 14,
              "totalAzureAvsCost": 17,
              "windowsAhubSavings": 21,
              "sqlAhubSavings": 27,
              "totalOnPremisesCost": 5,
              "esuSavingsFor4years": 14,
              "managementCostSavings": 10,
              "securityCostSavings": 27,
              "yearOnYearEstimates": {
                "onPremisesCost": {
                  "Year0": 351803.869241272,
                  "Year1": 369394.062703335,
                  "Year2": 387863.765838502,
                  "Year3": 408410.454130427
                },
                "azureCost": {
                  "Year0": 351803.869241272,
                  "Year1": 374738.191162668,
                  "Year2": 391989.235419251,
                  "Year3": 396114.705
                },
                "savings": {
                  "Year0": 0,
                  "Year1": -5344.12845933292,
                  "Year2": -4125.46958074899,
                  "Year3": 12295.7491304271
                },
                "onPremisesCapexCost": {
                  "Year0": 1049.81370090828,
                  "Year1": 1102.30438595369,
                  "Year2": 1157.41960525138,
                  "Year3": 1215.29058551395
                },
                "onPremisesOpexCost": {
                  "Year0": 350754.055540363,
                  "Year1": 368291.758317382,
                  "Year2": 386706.346233251,
                  "Year3": 407195.163544913
                },
                "azureCapexCost": {
                  "Year0": 1049.81370090828,
                  "Year1": 881.843508762955,
                  "Year2": 578.709802625689,
                  "Year3": 0
                },
                "azureOpexCost": {
                  "Year0": 350754.055540363,
                  "Year1": 373856.347653905,
                  "Year2": 391410.525616625,
                  "Year3": 396114.705
                },
                "paybackPeriod": 0
              },
              "serversDiscovered": {
                "vmWare": 29,
                "hyperV": 28,
                "physical": 19,
                "notApplicable": 19
              },
              "utilizationData": {
                "numberOfActiveEntities": 22,
                "numberOfInactiveEntities": 26,
                "numberOfDecommisionEntities": 23,
                "numberOfUnknownEntities": 24
              },
              "iaasOsDistribution": {
                "windows": 22,
                "linux": 25,
                "other": 2
              },
              "osSupportStatusDistribution": {
                "unknownSupport": 18,
                "mainStream": 16,
                "extended": 25,
                "outOfSupport": 4
              },
              "sqlSupportStatusDistribution": {
                "unknownSupport": 18,
                "mainStream": 16,
                "extended": 25,
                "outOfSupport": 4
              },
              "paasDistribution": {
                "sqlServers": 17,
                "iisWebServers": 22,
                "webAppDistribution": {
                  "key7991": 5
                }
              }
            },
            "id": "/subscriptions/813BD4B1-881B-4480-ADDC-1C7BF7D6553A/resourceGroups/rgopenapi/providers/Microsoft.Migrate/assessmentprojects/multipleto8617project/businessCases/sample-business-case/overviewsummaries/default",
            "name": "default",
            "type": "Microsoft.Migrate/assessmentprojects/businessCases/overviewsummaries",
            "systemData": {
              "createdBy": "t72jdt@company.com",
              "createdByType": "User",
              "createdAt": "2023-11-08T06:22:47.191Z",
              "lastModifiedBy": "t72jdt@company.com",
              "lastModifiedByType": "User",
              "lastModifiedAt": "2023-11-08T06:22:47.191Z"
            }
          }
        ],
        "nextLink": "https://management.azure.com/a"
      }
    }
  }
}
