{
  "title": "BusinessCaseIaasSummaryOperations_Get",
  "operationId": "BusinessCaseIaasSummaryOperations_Get",
  "parameters": {
    "api-version": "2023-04-01-preview",
    "subscriptionId": "813BD4B1-881B-4480-ADDC-1C7BF7D6553A",
    "resourceGroupName": "rgopenapi",
    "projectName": "multipleto8617project",
    "businessCaseName": "sample-business-case",
    "iaasSummaryName": "default"
  },
  "responses": {
    "200": {
      "body": {
        "properties": {
          "azureIaasSummary": {
            "yearOnYearEstimates": {
              "onPremisesCost": {
                "Year0": 351803.869241272,
                "Year1": 369394.062703335,
                "Year2": 387863.765838502,
                "Year3": 408410.454130427
              },
              "azureCost": {
                "Year0": 351803.869241272,
                "Year1": 374738.191162668,
                "Year2": 391989.235419251,
                "Year3": 396114.705
              },
              "savings": {
                "Year0": 0,
                "Year1": -5344.12845933292,
                "Year2": -4125.46958074899,
                "Year3": 12295.7491304271
              },
              "onPremisesCapexCost": {
                "Year0": 1049.81370090828,
                "Year1": 1102.30438595369,
                "Year2": 1157.41960525138,
                "Year3": 1215.29058551395
              },
              "onPremisesOpexCost": {
                "Year0": 350754.055540363,
                "Year1": 368291.758317382,
                "Year2": 386706.346233251,
                "Year3": 407195.163544913
              },
              "azureCapexCost": {
                "Year0": 1049.81370090828,
                "Year1": 881.843508762955,
                "Year2": 578.709802625689,
                "Year3": 0
              },
              "azureOpexCost": {
                "Year0": 350754.055540363,
                "Year1": 373856.347653905,
                "Year2": 391410.525616625,
                "Year3": 396114.705
              },
              "paybackPeriod": 0
            },
            "azureIaasVmSummary": {
              "serversSuitableForMigration": 26,
              "totalNumberOfServers": 4,
              "cores": 16,
              "memoryGb": 14,
              "azureVmCostDetails": {
                "storageCost": 13,
                "computeCost": 4,
                "itLaborCost": 8,
                "networkCost": 19,
                "ahubSavings": 3,
                "securityCost": 24,
                "managementCostDetails": {
                  "managementCost": 23,
                  "managementCostComponents": [
                    {
                      "name": "Unknown",
                      "value": 21
                    }
                  ]
                },
                "esuSavings": 16
              },
              "estimatedCost": 3,
              "osLicensingCost": 10,
              "estimatedCostByRecommendedOffer": [
                {
                  "offerName": "3 Year RI",
                  "cost": 9
                }
              ],
              "recommendedVmFamilySummary": [
                {
                  "azureVmFamily": "Standard_F4",
                  "numberOfMachines": 30
                }
              ],
              "costByStorageType": [
                {
                  "storageType": "StandardSsd",
                  "cost": 1
                }
              ]
            },
            "azureIaasSqlSummary": {
              "totalSqlEntities": 2,
              "suitableSqlEntities": 27,
              "azureSqlCostDetails": {
                "storageCost": 13,
                "computeCost": 4,
                "itLaborCost": 8,
                "networkCost": 19,
                "ahubSavings": 3,
                "securityCost": 24,
                "managementCostDetails": {
                  "managementCost": 23,
                  "managementCostComponents": [
                    {
                      "name": "Unknown",
                      "value": 21
                    }
                  ]
                },
                "esuSavings": 16
              },
              "estimatedCost": 24,
              "osLicensingCost": 7,
              "estimatedCostByRecommendedOffer": [
                {
                  "offerName": "3 Year RI",
                  "cost": 9
                }
              ],
              "recommendedVmFamilySummary": [
                {
                  "azureVmFamily": "Standard_F4",
                  "numberOfMachines": 30
                }
              ],
              "costByStorageType": [
                {
                  "storageType": "StandardSsd",
                  "cost": 1
                }
              ]
            },
            "azureIaasCostDetails": {
              "storageCost": 13,
              "computeCost": 4,
              "itLaborCost": 8,
              "networkCost": 19,
              "ahubSavings": 3,
              "securityCost": 24,
              "managementCostDetails": {
                "managementCost": 23,
                "managementCostComponents": [
                  {
                    "name": "Unknown",
                    "value": 21
                  }
                ]
              },
              "esuSavings": 16
            }
          },
          "onPremisesIaasSummary": {
            "servers": 4,
            "cores": 24,
            "memoryGb": 11,
            "cpuUtilization": 7,
            "memoryUtilization": 15,
            "storageUtilization": 15,
            "onPremisesIaasCostDetails": {
              "storageCost": 13,
              "computeCost": 4,
              "itLaborCost": 8,
              "networkCost": 19,
              "ahubSavings": 3,
              "securityCost": 24,
              "managementCostDetails": {
                "managementCost": 23,
                "managementCostComponents": [
                  {
                    "name": "Unknown",
                    "value": 21
                  }
                ]
              },
              "esuSavings": 16
            },
            "onPremisesIaasCostForDecommissioned": {
              "storageCost": 13,
              "computeCost": 4,
              "itLaborCost": 8,
              "networkCost": 19,
              "ahubSavings": 3,
              "securityCost": 24,
              "managementCostDetails": {
                "managementCost": 23,
                "managementCostComponents": [
                  {
                    "name": "Unknown",
                    "value": 21
                  }
                ]
              },
              "esuSavings": 16
            },
            "osLicensingDetails": [
              {
                "osType": "Windows",
                "totalCost": 23,
                "decomissionCost": 25
              }
            ],
            "distributionByOperatingSystem": [
              {
                "osClassificationType": "LinuxOSInSupport",
                "count": 12
              }
            ],
            "onPremisesUtilizationData": {
              "numberOfActiveEntities": 22,
              "numberOfInactiveEntities": 26,
              "numberOfDecommisionEntities": 23,
              "numberOfUnknownEntities": 24
            },
            "distributionByVirtualization": [
              {
                "virtualizationType": "Vmware",
                "count": 21
              }
            ],
            "iaasOsSupportStatusDistribution": {
              "unknownSupport": 18,
              "mainStream": 16,
              "extended": 25,
              "outOfSupport": 4
            },
            "iaasSqlSupportStatusDistribution": {
              "unknownSupport": 18,
              "mainStream": 16,
              "extended": 25,
              "outOfSupport": 4
            },
            "osServicePackInsight": {
              "unknownServicePack": 29,
              "patched": 19,