{
  "title": "BusinessCaseOverviewSummaryOperations_ListByBusinessCase",
  "operationId": "BusinessCaseOverviewSummaryOperations_ListByBusinessCase",
  "parameters": {
    "api-version": "2023-04-01-preview",
    "subscriptionId": "68135DEC-32DF-4D87-938F-0E192C19C4EE",
    "resourceGroupName": "rgopenapi",
    "projectName": "multipleto8617project",
    "businessCaseName": "sample-business-case"
  },
  "responses": {
    "200": {
      "body": {
        "value": [
          {
            "properties": {
              "totalAzureCost": 9,
              "totalAzureIaasCost": 17,
              "totalAzurePaasCost": 17,
              "totalAzureAvsCost": 5,
              "windowsAhubSavings": 8,
              "sqlAhubSavings": 16,
              "totalOnPremisesCost": 1,
              "esuSavingsFor4years": 2,
              "managementCostSavings": 19,
              "securityCostSavings": 9,
              "yearOnYearEstimates": {
                "onPremisesCost": {
                  "Year0": 351803.869241272,
                  "Year1": 369394.062703335,
                  "Year2": 387863.765838502,
                  "Year3": 408410.454130427
                },
                "azureCost": {
                  "Year0": 351803.869241272,
                  "Year1": 374738.191162668,
                  "Year2": 391989.235419251,
                  "Year3": 396114.705
                },
                "savings": {
                  "Year0": 0,
                  "Year1": -5344.12845933292,
                  "Year2": -4125.46958074899,
                  "Year3": 12295.7491304271
                },
                "onPremisesCapexCost": {
                  "Year0": 1049.81370090828,
                  "Year1": 1102.30438595369,
                  "Year2": 1157.41960525138,
                  "Year3": 1215.29058551395
                },
                "onPremisesOpexCost": {
                  "Year0": 350754.055540363,
                  "Year1": 368291.758317382,
                  "Year2": 386706.346233251,
                  "Year3": 407195.163544913
                },
                "azureCapexCost": {
                  "Year0": 1049.81370090828,
                  "Year1": 881.843508762955,
                  "Year2": 578.709802625689,
                  "Year3": 0
                },
                "azureOpexCost": {
                  "Year0": 350754.055540363,
                  "Year1": 373856.347653905,
                  "Year2": 391410.525616625,
                  "Year3": 396114.705
                },
                "paybackPeriod": 0
              },
              "serversDiscovered": {
                "vmWare": 17,
                "hyperV": 17,
                "physical": 4,
                "notApplicable": 25
              },
              "utilizationData": {
                "numberOfActiveEntities": 1,
                "numberOfInactiveEntities": 26,
                "numberOfDecommisionEntities": 27,
                "numberOfUnknownEntities": 29
              },
              "iaasOsDistribution": {
                "windows": 27,
                "linux": 15,
                "other": 20
              },
              "osSupportStatusDistribution": {
                "unknownSupport": 23,
                "mainStream": 17,
                "extended": 6,
                "outOfSupport": 30
              },
              "sqlSupportStatusDistribution": {
                "unknownSupport": 23,
                "mainStream": 17,
                "extended": 6,
                "outOfSupport": 30
              },
              "paasDistribution": {
                "sqlServers": 25,
                "iisWebServers": 14,
                "webAppDistribution": {
                  "key263": 10
                }
              }
            },
            "id": "/subscriptions/68135DEC-32DF-4D87-938F-0E192C19C4EE/resourceGroups/rgopenapi/providers/Microsoft.Migrate/assessmentprojects/multipleto8617project/businessCases/sample-business-case/overviewsummaries/default",
            "name": "default",
            "type": "Microsoft.Migrate/assessmentprojects/businessCases/overviewsummaries",
            "systemData": {
              "createdBy": "t72jdt@company.com",
              "createdByType": "User",
              "createdAt": "2023-10-31T07:04:46.929Z",
              "lastModifiedBy": "t72jdt@company.com",
              "lastModifiedByType": "User",
              "lastModifiedAt": "2023-10-31T07:04:46.929Z"
            }
          }
        ],
        "nextLink": "https://management.azure.com/a"
      }
    }
  }
}
