{
  "title": "BusinessCaseIaasSummaryOperations_ListByBusinessCase",
  "operationId": "BusinessCaseIaasSummaryOperations_ListByBusinessCase",
  "parameters": {
    "api-version": "2023-04-01-preview",
    "subscriptionId": "68135DEC-32DF-4D87-938F-0E192C19C4EE",
    "resourceGroupName": "rgopenapi",
    "projectName": "multipleto8617project",
    "businessCaseName": "sample-business-case"
  },
  "responses": {
    "200": {
      "body": {
        "value": [
          {
            "properties": {
              "azureIaasSummary": {
                "yearOnYearEstimates": {
                  "onPremisesCost": {
                    "Year0": 351803.869241272,
                    "Year1": 369394.062703335,
                    "Year2": 387863.765838502,
                    "Year3": 408410.454130427
                  },
                  "azureCost": {
                    "Year0": 351803.869241272,
                    "Year1": 374738.191162668,
                    "Year2": 391989.235419251,
                    "Year3": 396114.705
                  },
                  "savings": {
                    "Year0": 0,
                    "Year1": -5344.12845933292,
                    "Year2": -4125.46958074899,
                    "Year3": 12295.7491304271
                  },
                  "onPremisesCapexCost": {
                    "Year0": 1049.81370090828,
                    "Year1": 1102.30438595369,
                    "Year2": 1157.41960525138,
                    "Year3": 1215.29058551395
                  },
                  "onPremisesOpexCost": {
                    "Year0": 350754.055540363,
                    "Year1": 368291.758317382,
                    "Year2": 386706.346233251,
                    "Year3": 407195.163544913
                  },
                  "azureCapexCost": {
                    "Year0": 1049.81370090828,
                    "Year1": 881.843508762955,
                    "Year2": 578.709802625689,
                    "Year3": 0
                  },
                  "azureOpexCost": {
                    "Year0": 350754.055540363,
                    "Year1": 373856.347653905,
                    "Year2": 391410.525616625,
                    "Year3": 396114.705
                  },
                  "paybackPeriod": 0
                },
                "azureIaasVmSummary": {
                  "serversSuitableForMigration": 8,
                  "totalNumberOfServers": 27,
                  "cores": 19,
                  "memoryGb": 1,
                  "azureVmCostDetails": {
                    "storageCost": 22,
                    "computeCost": 19,
                    "itLaborCost": 13,
                    "networkCost": 25,
                    "ahubSavings": 22,
                    "securityCost": 12,
                    "managementCostDetails": {
                      "managementCost": 20,
                      "managementCostComponents": [
                        {
                          "name": "Unknown",
                          "value": 21
                        }
                      ]
                    },
                    "esuSavings": 16
                  },
                  "estimatedCost": 13,
                  "osLicensingCost": 19,
                  "estimatedCostByRecommendedOffer": [
                    {
                      "offerName": "3 Year RI",
                      "cost": 4
                    }
                  ],
                  "recommendedVmFamilySummary": [
                    {
                      "azureVmFamily": "Standard_F4",
                      "numberOfMachines": 7
                    }
                  ],
                  "costByStorageType": [
                    {
                      "storageType": "StandardSsd",
                      "cost": 6
                    }
                  ]
                },
                "azureIaasSqlSummary": {
                  "totalSqlEntities": 17,
                  "suitableSqlEntities": 23,
                  "azureSqlCostDetails": {
                    "storageCost": 22,
                    "computeCost": 19,
                    "itLaborCost": 13,
                    "networkCost": 25,
                    "ahubSavings": 22,
                    "securityCost": 12,
                    "managementCostDetails": {
                      "managementCost": 20,
                      "managementCostComponents": [
                        {
                          "name": "Unknown",
                          "value": 21
                        }
                      ]
                    },
                    "esuSavings": 16
                  },
                  "estimatedCost": 10,
                  "osLicensingCost": 22,
                  "estimatedCostByRecommendedOffer": [
                    {
                      "offerName": "3 Year RI",
                      "cost": 4
                    }
                  ],
                  "recommendedVmFamilySummary": [
                    {
                      "azureVmFamily": "Standard_F4",
                      "numberOfMachines": 7
                    }
                  ],
                  "costByStorageType": [
                    {
                      "storageType": "StandardSsd",
                      "cost": 6
                    }
                  ]
                },
                "azureIaasCostDetails": {
                  "storageCost": 22,
                  "computeCost": 19,
                  "itLaborCost": 13,
                  "networkCost": 25,
                  "ahubSavings": 22,
                  "securityCost": 12,
                  "managementCostDetails": {
                    "managementCost": 20,
                    "managementCostComponents": [
                      {
                        "name": "Unknown",
                        "value": 21
                      }
                    ]
                  },
                  "esuSavings": 16
                }
              },
              "onPremisesIaasSummary": {
                "servers": 12,
                "cores": 13,
                "memoryGb": 15,
                "cpuUtilization": 13,
                "memoryUtilization": 12,
                "storageUtilization": 2,
                "onPremisesIaasCostDetails": {
                  "storageCost": 22,
                  "computeCost": 19,
                  "itLaborCost": 13,
                  "networkCost": 25,
                  "ahubSavings": 22,
                  "securityCost": 12,
                  "managementCostDetails": {
                    "managementCost": 20,
                    "managementCostComponents": [
                      {
                        "name": "Unknown",
                        "value": 21
                      }
                    ]
                  },
                  "esuSavings": 16
                },
                "onPremisesIaasCostForDecommissioned": {
                  "storageCost": 22,
                  "computeCost": 19,
                  "itLaborCost": 13,
                  "networkCost": 25,
                  "ahubSavings": 22,
                  "securityCost": 12,
                  "managementCostDetails": {
                    "managementCost": 20,
                    "managementCostComponents": [
                      {
                        "name": "Unknown",
                        "value": 21
                      }
                    ]
                  },
                  "esuSavings": 16
                },
                "osLicensingDetails": [
                  {
                    "osType": "Windows",
                    "totalCost": 16,
                    "decomissionCost": 28
                  }
                ],
                "distributionByOperatingSystem": [
                  {
                    "osClassificationType": "LinuxOSInSupport",
                    "count": 30
                  }
                ],