{
  "title": "TilerStatistics_GetAll",
  "operationId": "TilerStatistics_GetAll",
  "parameters": {
    "collectionId": "naip-atl",
    "itemId": "ga_m_3308421_se_16_060_20211114",
    "api-version": "2025-04-30-preview",
    "assets": [
      "image"
    ]
  },
  "responses": {
    "200": {
      "body": {
        "image_b1": {
          "min": 11.0,
          "max": 246.0,
          "mean": 122.09540892575887,
          "count": 893952.0,
          "sum": 109147435.0,
          "std": 60.36645444129488,
          "median": 125.0,
          "majority": 209.0,
          "minority": 244.0,
          "unique": 234.0,
          "histogram": [
            [
              61766,
              117028,
              110859,
              87913,
              83879,
              103424,
              111240,
              97825,
              97615,
              22403
            ],
            [
              11.0,
              34.5,
              58.0,
              81.5,
              105.0,
              128.5,
              152.0,
              175.5,
              199.0,
              222.5,
              246.0
            ]
          ],
          "valid_percent": 100.0,
          "masked_pixels": 0.0,
          "valid_pixels": 893952.0,
          "percentile_2": 26.0,
          "percentile_98": 226.0
        },
        "image_b2": {
          "min": 38.0,
          "max": 245.0,
          "mean": 144.07083825529782,
          "count": 893952.0,
          "sum": 128792414.0,
          "std": 48.5299357729891,
          "median": 149.0,
          "majority": 166.0,
          "minority": 38.0,
          "unique": 206.0,
          "histogram": [
            [
              30430,
              78066,
              95120,
              104046,
              104894,
              114066,
              140175,
              110035,
              94264,
              22856
            ],
            [
              38.0,
              58.7,
              79.4,
              100.1,
              120.8,
              141.5,
              162.2,
              182.9,
              203.6,
              224.29999999999998,
              245.0
            ]
          ],
          "valid_percent": 100.0,
          "masked_pixels": 0.0,
          "valid_pixels": 893952.0,
          "percentile_2": 55.0,
          "percentile_98": 227.0
        },
        "image_b3": {
          "min": 49.0,
          "max": 241.0,
          "mean": 128.610202784937,
          "count": 893952.0,
          "sum": 114971348.0,
          "std": 48.88558925037479,
          "median": 122.0,
          "majority": 81.0,
          "minority": 49.0,
          "unique": 193.0,
          "histogram": [
            [
              75113,
              179336,
              124008,
              84332,
              96200,
              79850,
              80252,
              105476,
              47208,
              22177
            ],
            [
              49.0,
              68.2,
              87.4,
              106.6,
              125.8,
              145.0,
              164.2,
              183.4,
              202.6,
              221.79999999999998,
              241.0
            ]
          ],
          "valid_percent": 100.0,
          "masked_pixels": 0.0,
          "valid_pixels": 893952.0,
          "percentile_2": 60.0,
          "percentile_98": 224.0
        },
        "image_b4": {
          "min": 0.0,
          "max": 244.0,
          "mean": 134.29559752648913,
          "count": 893952.0,
          "sum": 120053818.0,
          "std": 57.02485093862381,
          "median": 149.0,
          "majority": 188.0,
          "minority": 244.0,
          "unique": 244.0,
          "histogram": [
            [
              38157,
              65176,
              68901,
              71015,
              82329,
              110236,
              144394,
              213124,
              84507,
              16113
            ],
            [
              0.0,
              24.4,
              48.8,
              73.19999999999999,
              97.6,
              122.0,
              146.39999999999998,
              170.79999999999998,
              195.2,
              219.6,
              244.0
            ]
          ],
          "valid_percent": 100.0,
          "masked_pixels": 0.0,
          "valid_pixels": 893952.0,
          "percentile_2": 17.0,
          "percentile_98": 218.0
        }
      }
    }
  }
}
