{
  "title": "TilerAssetStatistics_GetAll",
  "operationId": "TilerAssetStatistics_GetAll",
  "parameters": {
    "collectionId": "{{collectionId}}",
    "itemId": "{{itemId}}",
    "api-version": "2025-04-30-preview"
  },
  "responses": {
    "200": {
      "body": {
        "data": {
          "b1": {
            "min": 0.0,
            "max": 0.0,
            "mean": 0.0,
            "count": 100.0,
            "sum": 0.0,
            "std": 0.0,
            "median": 0.0,
            "majority": 0.0,
            "minority": 0.0,
            "unique": 1.0,
            "histogram": [
              [
                0.0,
                0.0,
                0.0,
                0.0,
                0.0,
                100.0,
                0.0,
                0.0,
                0.0,
                0.0
              ],
              [
                -0.5,
                -0.4,
                -0.3,
                -0.19999999999999996,
                -0.09999999999999998,
                0.0,
                0.10000000000000009,
                0.20000000000000007,
                0.30000000000000004,
                0.4,
                0.5
              ]
            ],
            "valid_percent": 100.0,
            "masked_pixels": 0.0,
            "valid_pixels": 100.0,
            "percentile_2": 0.0,
            "percentile_98": 0.0
          }
        }
      }
    }
  }
}
