{
  "title": "BusinessCaseIaasSummaryOperations_Get",
  "operationId": "BusinessCaseIaasSummaryOperations_Get",
  "parameters": {
    "api-version": "2023-05-01-preview",
    "subscriptionId": "ADC896AD-6A38-454E-9A62-AFC618F5F4BC",
    "resourceGroupName": "rgopenapi",
    "projectName": "multipleto8617project",
    "businessCaseName": "sample-business-case",
    "iaasSummaryName": "default"
  },
  "responses": {
    "200": {
      "body": {
        "properties": {
          "azureIaasSummary": {
            "yearOnYearEstimates": {
              "onPremisesCost": {
                "Year0": 351803.869241272,
                "Year1": 369394.062703335,
                "Year2": 387863.765838502,
                "Year3": 408410.454130427
              },
              "azureCost": {
                "Year0": 351803.869241272,
                "Year1": 374738.191162668,
                "Year2": 391989.235419251,
                "Year3": 396114.705
              },
              "savings": {
                "Year0": 0,
                "Year1": -5344.12845933292,
                "Year2": -4125.46958074899,
                "Year3": 12295.7491304271
              },
              "onPremisesCapexCost": {
                "Year0": 1049.81370090828,
                "Year1": 1102.30438595369,
                "Year2": 1157.41960525138,
                "Year3": 1215.29058551395
              },
              "onPremisesOpexCost": {
                "Year0": 350754.055540363,
                "Year1": 368291.758317382,
                "Year2": 386706.346233251,
                "Year3": 407195.163544913
              },
              "azureCapexCost": {
                "Year0": 1049.81370090828,
                "Year1": 881.843508762955,
                "Year2": 578.709802625689,
                "Year3": 0
              },
              "azureOpexCost": {
                "Year0": 350754.055540363,
                "Year1": 373856.347653905,
                "Year2": 391410.525616625,
                "Year3": 396114.705
              },
              "paybackPeriod": 0
            },
            "azureIaasVmSummary": {
              "serversSuitableForMigration": 15,
              "totalNumberOfServers": 27,
              "cores": 6,
              "memoryGb": 26,
              "azureVmCostDetails": {
                "storageCost": 27,
                "computeCost": 19,
                "itLaborCost": 29,
                "networkCost": 28,
                "ahubSavings": 1,
                "securityCost": 4,
                "managementCostDetails": {
                  "managementCost": 22,
                  "managementCostComponents": [
                    {
                      "name": "Unknown",
                      "value": 16
                    }
                  ]
                },
                "esuSavings": 28
              },
              "estimatedCost": 19,
              "osLicensingCost": 12,
              "estimatedCostByRecommendedOffer": [
                {
                  "offerName": "3 Year RI",
                  "cost": 17
                }
              ],
              "recommendedVmFamilySummary": [
                {
                  "azureVmFamily": "Standard_F4",
                  "numberOfMachines": 26
                }
              ],
              "costByStorageType": [
                {
                  "storageType": "StandardSsd",
                  "cost": 12
                }
              ]
            },
            "azureIaasSqlSummary": {
              "totalSqlEntities": 7,
              "suitableSqlEntities": 21,
              "azureSqlCostDetails": {
                "storageCost": 27,
                "computeCost": 19,
                "itLaborCost": 29,
                "networkCost": 28,
                "ahubSavings": 1,
                "securityCost": 4,
                "managementCostDetails": {
                  "managementCost": 22,
                  "managementCostComponents": [
                    {
                      "name": "Unknown",
                      "value": 16
                    }
                  ]
                },
                "esuSavings": 28
              },
              "estimatedCost": 23,
              "osLicensingCost": 8,
              "estimatedCostByRecommendedOffer": [
                {
                  "offerName": "3 Year RI",
                  "cost": 17
                }
              ],
              "recommendedVmFamilySummary": [
                {
                  "azureVmFamily": "Standard_F4",
                  "numberOfMachines": 26
                }
              ],
              "costByStorageType": [
                {
                  "storageType": "StandardSsd",
                  "cost": 12
                }
              ]
            },
            "azureIaasCostDetails": {
              "storageCost": 27,
              "computeCost": 19,
              "itLaborCost": 29,
              "networkCost": 28,
              "ahubSavings": 1,
              "securityCost": 4,
              "managementCostDetails": {
                "managementCost": 22,
                "managementCostComponents": [
                  {
                    "name": "Unknown",
                    "value": 16
                  }
                ]
              },
              "esuSavings": 28
            }
          },
          "onPremisesIaasSummary": {
            "servers": 29,
            "cores": 26,
            "memoryGb": 4,
            "cpuUtilization": 24,
            "memoryUtilization": 10,
            "storageUtilization": 26,
            "onPremisesIaasCostDetails": {
              "storageCost": 27,
              "computeCost": 19,
              "itLaborCost": 29,
              "networkCost": 28,
              "ahubSavings": 1,
              "securityCost": 4,
              "managementCostDetails": {
                "managementCost": 22,
                "managementCostComponents": [
                  {
                    "name": "Unknown",
                    "value": 16
                  }
                ]
              },
              "esuSavings": 28
            },
            "onPremisesIaasCostForDecommissioned": {
              "storageCost": 27,
              "computeCost": 19,
              "itLaborCost": 29,
              "networkCost": 28,
              "ahubSavings": 1,
              "securityCost": 4,
              "managementCostDetails": {
                "managementCost": 22,
                "managementCostComponents": [
                  {
                    "name": "Unknown",
                    "value": 16
                  }
                ]
              },
              "esuSavings": 28
            },
            "osLicensingDetails": [
              {
                "osType": "Windows",
                "totalCost": 11,
                "decomissionCost": 29
              }
            ],
            "distributionByOperatingSystem": [
              {
                "osClassificationType": "LinuxOSInSupport",
                "count": 4
              }
            ],
            "onPremisesUtilizationData": {
              "numberOfActiveEntities": 10,
              "numberOfInactiveEntities": 18,
              "numberOfDecommisionEntities": 10,
              "numberOfUnknownEntities": 13
            },
            "distributionByVirtualization": [
              {
                "virtualizationType": "Vmware",
                "count": 30
              }
            ],
            "iaasOsSupportStatusDistribution": {
              "unknownSupport": 2,
              "mainStream": 20,
              "extended": 26,
              "outOfSupport": 29
            },
            "iaasSqlSupportStatusDistribution": {
              "unknownSupport": 2,
              "mainStream": 20,
              "extended": 26,
              "outOfSupport": 29
            },
            "osServicePackInsight": {
              "unknownServicePack": 3,
              "patched": 14,