{
  "title": "BusinessCaseOverviewSummaryOperations_Get",
  "operationId": "BusinessCaseOverviewSummaryOperations_Get",
  "parameters": {
    "api-version": "2023-09-09-preview",
    "subscriptionId": "ADC896AD-6A38-454E-9A62-AFC618F5F4BC",
    "resourceGroupName": "rgopenapi",
    "projectName": "multipleto8617project",
    "businessCaseName": "sample-business-case",
    "overviewSummaryName": "default"
  },
  "responses": {
    "200": {
      "body": {
        "properties": {
          "totalAzureCost": 20,
          "totalAzureIaasCost": 29,
          "totalAzurePaasCost": 18,
          "totalAzureAvsCost": 21,
          "windowsAhubSavings": 26,
          "linuxAhubSavings": 26,
          "sqlAhubSavings": 29,
          "totalOnPremisesCost": 20,
          "esuSavingsFor4years": 20,
          "managementCostSavings": 19,
          "securityCostSavings": 8,
          "yearOnYearEstimates": {
            "onPremisesCost": {
              "Year0": 351803.869241272,
              "Year1": 369394.062703335,
              "Year2": 387863.765838502,
              "Year3": 408410.454130427
            },
            "azureCost": {
              "Year0": 351803.869241272,
              "Year1": 374738.191162668,
              "Year2": 391989.235419251,
              "Year3": 396114.705
            },
            "savings": {
              "Year0": 0,
              "Year1": -5344.12845933292,
              "Year2": -4125.46958074899,
              "Year3": 12295.7491304271
            },
            "onPremisesCapexCost": {
              "Year0": 1049.81370090828,
              "Year1": 1102.30438595369,
              "Year2": 1157.41960525138,
              "Year3": 1215.29058551395
            },
            "onPremisesOpexCost": {
              "Year0": 350754.055540363,
              "Year1": 368291.758317382,
              "Year2": 386706.346233251,
              "Year3": 407195.163544913
            },
            "azureCapexCost": {
              "Year0": 1049.81370090828,
              "Year1": 881.843508762955,
              "Year2": 578.709802625689,
              "Year3": 0
            },
            "azureOpexCost": {
              "Year0": 350754.055540363,
              "Year1": 373856.347653905,
              "Year2": 391410.525616625,
              "Year3": 396114.705
            },
            "paybackPeriod": 0,
            "azureArcEnabledOnPremisesCost": [
              {
                "year": "Year0",
                "cost": 8646893.36496789
              },
              {
                "year": "Year1",
                "cost": 6452444.63321628
              },
              {
                "year": "Year2",
                "cost": 7361476.3148771
              },
              {
                "year": "Year3",
                "cost": 7893482.58062095
              }
            ],
            "futureCost": [
              {
                "year": "Year0",
                "cost": 8619047.96496789
              },
              {
                "year": "Year1",
                "cost": 5847511.33627395
              },
              {
                "year": "Year2",
                "cost": 5363132.85669087
              },
              {
                "year": "Year3",
                "cost": 3616793.89850464
              }
            ],
            "futureAzureArcEnabledOnPremisesEsuCost": [
              {
                "year": "Year0",
                "cost": 2777682.6
              },
              {
                "year": "Year1",
                "cost": 217405.65
              },
              {
                "year": "Year2",
                "cost": 334683.25
              },
              {
                "year": "Year3",
                "cost": 0
              }
            ],
            "futureOnPremisesEsuCost": [
              {
                "year": "Year0",
                "cost": 3742242.49
              },
              {
                "year": "Year1",
                "cost": 413811.16
              },
              {
                "year": "Year2",
                "cost": 250961.91
              },
              {
                "year": "Year3",
                "cost": 0
              }
            ]
          },
          "serversDiscovered": {
            "vmWare": 6,
            "hyperV": 28,
            "physical": 16,
            "notApplicable": 13
          },
          "utilizationData": {
            "numberOfActiveEntities": 10,
            "numberOfInactiveEntities": 18,
            "numberOfDecommisionEntities": 10,
            "numberOfUnknownEntities": 13
          },
          "iaasOsDistribution": {
            "windows": 5,
            "linux": 22,
            "other": 14
          },
          "osSupportStatusDistribution": {
            "unknownSupport": 2,
            "mainStream": 20,
            "extended": 26,
            "outOfSupport": 29
          },
          "sqlSupportStatusDistribution": {
            "unknownSupport": 2,
            "mainStream": 20,
            "extended": 26,
            "outOfSupport": 29
          },
          "paasDistribution": {
            "sqlServers": 28,
            "iisWebServers": 9,
            "webAppDistribution": {
              "key683": 28
            }
          },
          "azureArcEnabledOnPremisesCost": 6,
          "futureCostIncludingAzureArc": 27,
          "futureEsuSavingsFor4YearsIncludingAzureArc": 7,
          "futureManagementCostSavingsIncludingAzureArc": 24,
          "futureSecurityCostSavingsIncludingAzureArc": 18,
          "azureArcServicesCost": 27,
          "futureAzureIaasCost": 23,
          "futureAzurePaasCost": 28,
          "futureAzureArcEnabledOnPremisesCost": 13,
          "futureAzureArcServicesCost": 7
        },
        "id": "/subscriptions/ADC896AD-6A38-454E-9A62-AFC618F5F4BC/resourceGroups/rgopenapi/providers/Microsoft.Migrate/assessmentProjects/multipleto8617project/businessCases/sample-business-case/overviewSummaries/default",
        "name": "default",
        "type": "Microsoft.Migrate/assessmentProjects/businessCases/overviewSummaries",
        "systemData": {
          "createdBy": "t72jdt@company.com",
          "createdByType": "User",
          "createdAt": "2023-11-08T07:09:55.036Z",
          "lastModifiedBy": "t72jdt@company.com",
          "lastModifiedByType": "User",
          "lastModifiedAt": "2023-11-08T07:09:55.036Z"
        }
      }
    }
  }
}
